cat-sciences	science laboratory glassware experiment with blue light
cat-histoire	ancient roman colosseum ruins at golden hour
cat-technologie	futuristic artificial intelligence computer chip glowing
cat-sante	wellness healthy food fruits vegetables flat lay
cat-culture	classical art museum gallery with paintings interior
cat-societe	modern city street with crowd of pedestrians
cat-economie	financial stock market data on trading screen
cat-nature	aerial view of lush green forest with river
a-sky-blue	clear blue sky with white clouds and sun rays
a-black-holes	black hole in deep space with stars and nebula
a-crispr	DNA double helix genetics research visualization
a-rome	ancient roman forum ruins with columns
a-curie	vintage chemistry laboratory with old science equipment
a-megaliths	stonehenge monument with large standing stones
a-genai	neural network abstract visualization with glowing data points
a-internet	server room data center with network cables
a-quantum	quantum computer processor with cryogenic equipment
a-sleep	person sleeping peacefully in bedroom at night
a-fasting	healthy food plate with clock intermittent fasting concept
a-microbiote	gut bacteria microbiome colorful illustration
a-monalisa	mona lisa painting in louvre museum
a-beethoven	classical orchestra concert hall with grand piano
a-myths	ancient greek mythology marble statue
a-lie	person thinking with dramatic portrait light
a-pygmalion	teacher with students in classroom learning
a-cities	futuristic sustainable green city with vertical gardens
a-inflation	grocery shopping receipt with supermarket prices
a-banques	central bank building with columns and finance
a-attention	person using smartphone screen at night glow
a-amazon	amazon rainforest canopy aerial view with river
a-bees	honeybee on flower pollination close up
a-oceans	deep blue ocean waves underwater view
